<?xml version="1.0" encoding="UTF-8"?>
<beans xmlns="http://www.springframework.org/schema/beans"  
    xmlns:xsi="http://www.w3.org/2001/XMLSchema-instance"  
    xmlns:p="http://www.springframework.org/schema/p"  
    xmlns:context="http://www.springframework.org/schema/context" 
    xmlns:mvc="http://www.springframework.org/schema/mvc" 
    xsi:schemaLocation="http://www.springframework.org/schema/beans  
http://www.springframework.org/schema/beans/spring-beans-3.0.xsd  
http://www.springframework.org/schema/context  
http://www.springframework.org/schema/context/spring-context-3.0.xsd
http://www.springframework.org/schema/mvc 
http://www.springframework.org/schema/mvc/spring-mvc.xsd">
<mvc:annotation-driven></mvc:annotation-driven>  
<!-- Handler mapping -->
<context:component-scan base-package="com.laptop12.controller"/>
<!-- it will take static item which are stored in resources folder  -->
<mvc:resources location="/WEB-INF/resources/" mapping="/resources/**" />
<bean id="multipartResolver" class="org.springframework.web.multipart.commons.CommonsMultipartResolver" />
<!--  view resolver, it will search for handler by controller -->
<bean  class="org.springframework.web.servlet.view.InternalResourceViewResolver">
<property name="prefix">
<value>/WEB-INF/views/</value>
</property>
<property name="suffix">
<value>.jsp</value>
</property>
</bean>
</beans>
